{
    "companyName": "Dubby Serve",
    "aboutUs": "ABOUT US",
    "vacancyTraining": "TRAINING AND VACANCY",
    "enquiry": "ENQUIRY",
    "home": "HOME",
    "dashboard": "DASHBOARD",
    "journal": "JOURNAL",
    "signOut": "SIGN OUT",
    "allRightsReserved": "All Rights Reserved.",
    "resize": "resize",
    "beOneOfUs": "Be One Of Us",
    "enquiryToKnow": "We Are Here To Assist",
    "submit": "Submit",
    "someThingWentWrong": "Something Went Wrong",
    "ok": "OK",
    "oopsie": "Oopsie",
    "applied": "Applied",
    "signin": "Sign In",
    "processingFiles": "Please wait!\nWe are processing your files...",
    "pleaseWaitWhileCompletion": "Please wait until completion",
    "defaultError": "An error occured!\nPlease try again later...",
    "emptyFields": "Empty Fields",
    "fillEmptyFields": "Please fill the required fields...",
    "formContent": {
        "training": "TRAINING",
        "vacancy": "VACANCY",
        "label": {
            "firstName": "First Name:",
            "lastName": "Last Name:",
            "applicationFor": "Application For:",
            "training": "Training",
            "vacancy": "Vacancy",
            "emailAddress": "Email Address:",
            "password": "Password:",
            "phoneNumber": "Phone Number:",
            "messageComment": "Message / Comment:",
            "message": "Message:",
            "messageSubject": "Message Subject",
            "cvResume": "Upload CV / Resume:",
            "countryCode": "Select Country:"
        },
        "placeHolderContent": {
            "data1": "e.g. John",
            "data2": "e.g. Peter",
            "data3": "e.g. john.peter@gmail.com",
            "yourPhoneNumber": "Your phone number",
            "tellUsMore": "Tell us more about you...",
            "message": "Please let us know how we can assist you...",
            "whatCountry": "What is your country?",
            "messageSubject": "Appropriate message subject...",
            "passwordEnter": "Please enter password..."
        },
        "errorContent": {
            "firstName": "Please provide your first name...",
            "lastName": "Please provide your last name...",
            "badEmail": "Bad Email Format...",
            "emailAddress": "Please make sure your email is correct...",
            "phoneNumber": "Please provide your phone number...",
            "cvResume": "Oopsie! You forgot to upload a document...",
            "countryCode": "Please select your country...",
            "messageSubject": "Please provide a message subject...",
            "messageBody": "Please provide a descriptive message...",
            "password": "Please enter a password...",
            "messageBodyLength500": "Your message should be less than 500 words",
            "messageBodyLength1000": "Your message should be less than 1000 words"
        }
    },
    "aboutUsContent": {
        "whoWeAre": "Who we are",
        "whoWeAreContent": {
            "intro": "We started as a team of individual programmers back in 2017. ",
            "ourGoal": "Our goal then was freelancing today we master the process and the art of software development. ",
            "prideInDev": "We take pride in what we do as engineers and specialize more on web application. ",
            "notLimited": "Our team is not only limited to web-development, but also, mobile and desktop application. ",
            "modernDev": "Yes, we are modern; meaning we introduce modern technologies (but in an old fusion way). ",
            "weAgil": "That does not mean we are not agile."
        },
        "whyDubbyServe": "Why Dubby Serve",
        "whyDubbyServeContent": {
            "notAffordDeveloper": "Not everyone affords a good software developer, that is where we come in. ",
            "smallTimeAssist": "Matter effect, some organisations and/or individual(s) need assistance for a small duration. ",
            "issueWeConsider": "Which is another issue we thought off. ",
            "devSmallGrowing": "We are a small and growing digital-solution software engineers, that can transform your business into a software/site. ",
            "solutionsWeProvide": "Our experience lies with developing and customizing solutions, merely on any grounds (retail, insurance, banking, etc.). "
        },
        "weAre": "We are:",
        "weAreContent": [
            {
                "id": 1,
                "value": "Great learning and adaptive curve. "
            },
            {
                "id": 2,
                "value": "Self-managed, that is if the client agrees. "
            },
            {
                "id": 3,
                "value": "Provide reflective feedback on project sprints and release. "
            },
            {
                "id": 4,
                "value": "Agile and adaptive. "
            }
        ],
        "techStack": "Tech Stack:",
        "techStackContent": {
            "frontend": "Frontend",
            "frontentContent": [
                {
                    "id": 1,
                    "value": "ReactJS"
                },
                {
                    "id": 2,
                    "value": "Angular Framework"
                },
                {
                    "id": 3,
                    "value": "PHP"
                },
                {
                    "id": 4,
                    "value": "HTML"
                },
                {
                    "id": 3,
                    "value": "CSS"
                },
                {
                    "id": 4,
                    "value": "JavaScript / JQuery"
                }
            ],
            "mobile": "Mobile",
            "mobileContent": [
                {
                    "id": 1,
                    "value": "Android Framework"
                },
                {
                    "id": 2,
                    "value": "Flutter"
                },
                {
                    "id": 3,
                    "value": "React Native"
                }
            ],
            "desktop": "Desktop",
            "desktopContent": [
                {
                    "id": 1,
                    "value": "JavaFX"
                },
                {
                    "id": 2,
                    "value": "Vaadin"
                },
                {
                    "id": 3,
                    "value": "React Native"
                }
            ],
            "backend": "Backend",
            "backendContent": [
                {
                    "id": 1,
                    "value": "Java 1.7 to 1.16"
                },
                {
                    "id": 2,
                    "value": "Spring Framework"
                }
            ],
            "cloud": "Cloud",
            "cloudContent": [
                {
                    "id": 1,
                    "value": "Heroku"
                },
                {
                    "id": 2,
                    "value": "CentOS"
                },
                {
                    "id": 3,
                    "value": "Debian"
                }
            ],
            "devOps": "Dev Ops",
            "devOpsContent": [
                {
                    "id": 1,
                    "value": "Kubernetes"
                },
                {
                    "id": 2,
                    "value": "CI & CD in Jenkins"
                }
            ],
            "database": "Database",
            "databaseContent": [
                {
                    "id": 1,
                    "value": "MySQL"
                },
                {
                    "id": 2,
                    "value": "Postgres"
                },
                {
                    "id": 3,
                    "value": "Oracle"
                },
                {
                    "id": 4,
                    "value": "SQL Server"
                },
                {
                    "id": 3,
                    "value": "Microsoft Server"
                },
                {
                    "id": 4,
                    "value": "Mongo DB"
                }
            ],
            "sourceControl": "Source",
            "sourceControlContent": [
                {
                    "id": 1,
                    "value": "Bitbucket"
                },
                {
                    "id": 2,
                    "value": "GitHub"
                },
                {
                    "id": 3,
                    "value": "GitLab"
                },
                {
                    "id": 4,
                    "value": "SQL Server"
                },
                {
                    "id": 3,
                    "value": "Mercurial"
                }
            ]
        }
    },
    "infoContent": {
        "data1": "Dubby is a team of Software Engineers with a primary goal of customer satisfaction (digitally). ",
        "data2": "We are not only focused on enterprise applications, but a variety of development sectors. ",
        "data3": "This includes small projects to large/huge (resulting in long-lasting challenges and relationships). ",
        "data4": "Dubby has a hunger for young talents, which we train and make them corporate ready. ",
        "data5": "These are usually graduates or graduates to be. ",
        "data6": "Not only do we focus on graduates, but also those who did not have the privileges to go to school. ",
        "data7": "Yes, Dubby Serve is full stack, building your alternate software from ground-up and/or joining a team/individual and enhancing your product. ",
        "data8": "We work with you (throughout the process), to discover and deliver the technology solution your business needs. ",
        "data9": "We analyse your business and technology (if exists), to deliver the optimal solution. ",
        "data10": "We offer digital advice, to assist in realizing the ideal solution. ",
        "data11": "We design and implement software that will optimize and automate your product. ",
        "data12": "We employ best practices to reduce unstable digital environment. ",
        "data13": "We create tech that will solve your individual business problems. ",
        "data14": "We can integrate existing platform. ",
        "data15": "We are agile and provide feedback throughout our life cycle. ",
        "intro": "Introduction",
        "whatWeDo": "What we do:"
    },
    "numberFormat": {
        "mobileScreenSize": 1005
    }
}